{
    "no_normalization": {
        "2": {
            "2.0": {
                "kmeans": {
                    "maximum": {
                        "pearson": {
                            "train_rmse": 2.868407407885719,
                            "train_mae": 2.508461167127629,
                            "test_rmse": NaN,
                            "test_mae": NaN,
                            "train_precision": 0.5884615384615385,
                            "train_recall": 0.13809364330860036,
                            "train_accuracy": 0.5884615384615385,
                            "train_f1_score": 0.21087598720201725,
                            "test_precision": 0.6033806471306471,
                            "test_recall": 0.5106554057659644,
                            "test_accuracy": 0.6033806471306471,
                            "test_f1_score": 0.5226675228909216,
                            "avg_max_membership": 1.0,
                            "avg_entropy": 0.0,
                            "elapsed_sec": 41.27688839985058
                        }
                    }
                }
            }
        },
        "3": {
            "2.0": {
                "kmeans": {
                    "maximum": {
                        "pearson": {
                            "train_rmse": 2.858879589198644,
                            "train_mae": 2.515936025816925,
                            "test_rmse": NaN,
                            "test_mae": NaN,
                            "train_precision": 0.5881868131868132,
                            "train_recall": 0.13810741399906276,
                            "train_accuracy": 0.5881868131868132,
                            "train_f1_score": 0.21085412577432028,
                            "test_precision": 0.6033806471306471,
                            "test_recall": 0.5106554057659644,
                            "test_accuracy": 0.6033806471306471,
                            "test_f1_score": 0.5226675228909216,
                            "avg_max_membership": 1.0,
                            "avg_entropy": 0.0,
                            "elapsed_sec": 25.853554400149733
                        }
                    }
                }
            }
        },
        "4": {
            "2.0": {
                "kmeans": {
                    "maximum": {
                        "pearson": {
                            "train_rmse": 2.8722170909139617,
                            "train_mae": 2.5312759094530404,
                            "test_rmse": NaN,
                            "test_mae": NaN,
                            "train_precision": 0.5870879120879121,
                            "train_recall": 0.13764416756807443,
                            "train_accuracy": 0.5870879120879121,
                            "train_f1_score": 0.21020500355507613,
                            "test_precision": 0.6033806471306471,
                            "test_recall": 0.5106554057659644,
                            "test_accuracy": 0.6033806471306471,
                            "test_f1_score": 0.5226675228909216,
                            "avg_max_membership": 1.0,
                            "avg_entropy": 0.0,
                            "elapsed_sec": 19.79005409986712
                        }
                    }
                }
            }
        },
        "5": {
            "2.0": {
                "kmeans": {
                    "maximum": {
                        "pearson": {
                            "train_rmse": 2.881016952339703,
                            "train_mae": 2.5222593850909796,
                            "test_rmse": NaN,
                            "test_mae": NaN,
                            "train_precision": 0.5873626373626374,
                            "train_recall": 0.137630396877612,
                            "train_accuracy": 0.5873626373626374,
                            "train_f1_score": 0.21022686498277313,
                            "test_precision": 0.6033806471306471,
                            "test_recall": 0.5106554057659644,
                            "test_accuracy": 0.6033806471306471,
                            "test_f1_score": 0.5226675228909216,
                            "avg_max_membership": 1.0,
                            "avg_entropy": 0.0,
                            "elapsed_sec": 18.93309239996597
                        }
                    }
                }
            }
        }
    },
    "simple_centering": {
        "2": {
            "2.0": {
                "kmeans": {
                    "maximum": {
                        "pearson": {
                            "train_rmse": 0.6863784404832743,
                            "train_mae": 0.5091714315825643,
                            "test_rmse": 0.6817163807721112,
                            "test_mae": 0.5476375704258039,
                            "train_precision": 0.5722527472527473,
                            "train_recall": 0.13037362359435273,
                            "train_accuracy": 0.5722527472527473,
                            "train_f1_score": 0.2007940530195244,
                            "test_precision": 0.6050289987789987,
                            "test_recall": 0.5119977279210944,
                            "test_accuracy": 0.6050289987789987,
                            "test_f1_score": 0.5241619076270645,
                            "avg_max_membership": 1.0,
                            "avg_entropy": 0.0,
                            "elapsed_sec": 40.78512299992144
                        }
                    }
                }
            }
        },
        "3": {
            "2.0": {
                "kmeans": {
                    "maximum": {
                        "pearson": {
                            "train_rmse": 0.6863784404832743,
                            "train_mae": 0.5091714315825643,
                            "test_rmse": 0.6817163807721112,
                            "test_mae": 0.5476375704258039,
                            "train_precision": 0.5722527472527473,
                            "train_recall": 0.13037362359435273,
                            "train_accuracy": 0.5722527472527473,
                            "train_f1_score": 0.2007940530195244,
                            "test_precision": 0.6050289987789987,
                            "test_recall": 0.5119977279210944,
                            "test_accuracy": 0.6050289987789987,
                            "test_f1_score": 0.5241619076270645,
                            "avg_max_membership": 1.0,
                            "avg_entropy": 0.0,
                            "elapsed_sec": 38.488144000060856
                        }
                    }
                }
            }
        },
        "4": {
            "2.0": {
                "kmeans": {
                    "maximum": {
                        "pearson": {
                            "train_rmse": 0.6863784404832743,
                            "train_mae": 0.5091714315825643,
                            "test_rmse": 0.6817163807721112,
                            "test_mae": 0.5476375704258039,
                            "train_precision": 0.5722527472527473,
                            "train_recall": 0.13037362359435273,
                            "train_accuracy": 0.5722527472527473,
                            "train_f1_score": 0.2007940530195244,
                            "test_precision": 0.6050289987789987,
                            "test_recall": 0.5119977279210944,
                            "test_accuracy": 0.6050289987789987,
                            "test_f1_score": 0.5241619076270645,
                            "avg_max_membership": 1.0,
                            "avg_entropy": 0.0,